<?xml version="1.0" encoding="UTF-8"?>
<project-private xmlns="http://www.netbeans.org/ns/project-private/1">
    <editor-bookmarks xmlns="http://www.netbeans.org/ns/editor-bookmarks/2" lastBookmarkId="0"/>
    <open-files xmlns="http://www.netbeans.org/ns/projectui-open-files/2">
        <group>
            <file>file:/D:/XAMPP/htdocs/MusicQuest/application/controllers/Admin.php</file>
            <file>file:/D:/XAMPP/htdocs/MusicQuest/application/models/Cooperation.php</file>
            <file>file:/D:/XAMPP/htdocs/MusicQuest/application/controllers/Moderator.php</file>
            <file>file:/D:/XAMPP/htdocs/MusicQuest/application/views/musicianProfile.php</file>
            <file>file:/D:/XAMPP/htdocs/MusicQuest/application/controllers/Gost.php</file>
            <file>file:/D:/XAMPP/htdocs/MusicQuest/application/views/templates/headerGost.php</file>
            <file>file:/D:/XAMPP/htdocs/MusicQuest/application/models/LocationPictures.php</file>
            <file>file:/D:/XAMPP/htdocs/MusicQuest/application/views/organizerProfile.php</file>
            <file>file:/D:/XAMPP/htdocs/MusicQuest/application/models/Users.php</file>
            <file>file:/D:/XAMPP/htdocs/MusicQuest/application/controllers/User.php</file>
        </group>
    </open-files>
</project-private>
